{"cameraMode":{"drawMode":0,"name":"Shaded","section":"Shading Mode"},"sceneLighting":true,"audioPlay":false,"sceneViewState":{"showFog":true,"showMaterialUpdate":false,"showSkybox":true,"showFlares":true,"showImageEffects":true,"showParticleSystems":true,"showVisualEffectGraphs":true,"m_FxEnabled":true},"in2DMode":false,"pivot":{"x":0.6902223825454712,"y":0.3766714930534363,"z":0.20740163326263429},"rotation":{"x":-0.004500039387494326,"y":0.002999946242198348,"z":0.000013490044693753589,"w":0.999984622001648},"size":4.401544570922852,"orthographic":false}