{"cameraMode":{"drawMode":0,"name":"Shaded","section":"Shading Mode"},"sceneLighting":true,"audioPlay":false,"sceneViewState":{"showFog":true,"showMaterialUpdate":false,"showSkybox":true,"showFlares":true,"showImageEffects":true,"showParticleSystems":true,"showVisualEffectGraphs":true,"m_FxEnabled":true},"in2DMode":false,"pivot":{"x":6.442956924438477,"y":0.9460899829864502,"z":0.16771161556243897},"rotation":{"x":-0.004500039387494326,"y":0.002999946242198348,"z":0.000013490044693753589,"w":0.999984622001648},"size":8.9015474319458,"orthographic":false}